INSERT INTO movies (id, title, description, posterSource, backdropSource, releaseYear, voteAvg, voteCount, trailerSource) 
VALUES 
(1197306, 'A Working Man', 'Levon Cade left behind a decorated military career in the black ops to live a simple life working construction. But when his boss\'s daughter, who is like family to him, is taken by human traffickers, his search to bring her home uncovers a world of corruption far greater than he ever could have imagined.', 'https://image.tmdb.org/t/p/original/xUkUZ8eOnrOnnJAfusZUqKYZiDu.jpg', 'https://image.tmdb.org/t/p/original/fTrQsdMS2MUw00RnzH0r3JWHhts.jpg', '2025-03-26', 6.3, 302, 'https://www.youtube.com/embed/mdfrG2cLK58'),
(324544, 'In the Lost Lands', 'A queen sends the powerful and feared sorceress Gray Alys to the ghostly wilderness of the Lost Lands in search of a magical power, where she and her guide, the drifter Boyce, must outwit and outfight both man and demon.', 'https://image.tmdb.org/t/p/original/iHf6bXPghWB6gT8kFkL1zo00x6X.jpg', 'https://image.tmdb.org/t/p/original/op3qmNhvwEvyT7UFyPbIfQmKriB.jpg', '2025-02-27', 6.276, 230, 'https://www.youtube.com/embed/CMyrp5Vk3mU'),
(950387, 'A Minecraft Movie', 'Four misfits find themselves struggling with ordinary problems when they are suddenly pulled through a mysterious portal into the Overworld: a bizarre, cubic wonderland that thrives on imagination. To get back home, they\'ll have to master this world while embarking on a magical quest with an unexpected, expert crafter, Steve.', 'https://image.tmdb.org/t/p/original/yFHHfHcUgGAxziP1C3lLt0q2T4s.jpg', 'https://image.tmdb.org/t/p/original/2Nti3gYAX513wvhp8IiLL6ZDyOm.jpg', '2025-03-31', 6.131, 618, 'https://www.youtube.com/embed/8B1EtVPBSMw'),
(1045938, 'G20', 'After the G20 Summit is overtaken by terrorists, President Danielle Sutton must bring all her statecraft and military experience to defend her family and her fellow leaders.', 'https://image.tmdb.org/t/p/original/wv6oWAleCJZUk5htrGg413t3GCy.jpg', 'https://image.tmdb.org/t/p/original/k32XKMjmXMGeydykD32jfER3BVI.jpg', '2025-04-09', 6.566, 286, 'https://www.youtube.com/embed/ZL7R8qyQXrc'),
(1195506, 'Novocaine', 'When the girl of his dreams is kidnapped, everyman Nate turns his inability to feel pain into an unexpected strength in his fight to get her back.', 'https://image.tmdb.org/t/p/original/xmMHGz9dVRaMY6rRAlEX4W0Wdhm.jpg', 'https://image.tmdb.org/t/p/original/sNx1A3822kEbqeUxvo5A08o4N7o.jpg', '2025-03-12', 6.862, 483, 'https://www.youtube.com/embed/99BLnkAlC1M');


INSERT INTO movies (id, title, description, posterSource, backdropSource, releaseYear, voteAvg, voteCount, trailerSource) VALUES
(1293286, 'Gunslingers', 'When the most wanted man in America surfaces in a small Kentucky town, his violent history -- and a blood-thirsty mob seeking vengeance and a king’s ransom -- soon follow. As brothers face off against one another and bullets tear the town to shreds, this lightning-fast gunslinger makes his enemies pay the ultimate price for their greed.', 'https://image.tmdb.org/t/p/original/O7REXWPANWXvX2jhQydHjAq2DV.jpg', 'https://image.tmdb.org/t/p/original/zksO4lVnRKRoaSYzh2EDn2Z3Pel.jpg', '2025-04-11', 6.8, 26, 'https://www.youtube.com/embed/G4hVWe4GOrk'),
(822119, 'Captain America: Brave New World', 'After meeting with newly elected U.S. President Thaddeus Ross, Sam finds himself in the middle of an international incident. He must discover the reason behind a nefarious global plot before the true mastermind has the entire world seeing red.', 'https://image.tmdb.org/t/p/original/pzIddUEMWhWzfvLI3TwxUG2wGoi.jpg', 'https://image.tmdb.org/t/p/original/ce3prrjh9ZehEl5JinNqr4jIeaB.jpg', '2025-02-12', 6.149, 1456, 'https://www.youtube.com/embed/5PSzFLV-EyQ'),
(1244944, 'The Woman in the Yard', 'In the aftermath of her husband''s death, widow Ramona''s struggle to raise her two kids is hindered by the arrival of a mysterious woman with supernatural abilities.', 'https://image.tmdb.org/t/p/original/n0WS2TsNcS6dtaZKzxipyO7LuCJ.jpg', 'https://image.tmdb.org/t/p/original/3lEV4CoKoeT2cZ4fbKEJugZcw6Z.jpg', '2025-03-27', 6.232, 56, 'https://www.youtube.com/embed/27aEM6q1Wqs'),
(1312833, 'A Knight''s War', 'A fearless knight braves a deadly realm to save the Chosen One’s soul. Facing witches, demons, and brutal foes, he discovers her return could ignite chaos and doom humanity.', 'https://image.tmdb.org/t/p/original/janjdSMrTRGtPrI1p9uOX66jv7x.jpg', 'https://image.tmdb.org/t/p/original/cJCW78MZsyyXBKHo4V25WctK00V.jpg', '2025-02-07', 5.0, 12, 'https://www.youtube.com/embed/DHlXDqo7VsU'),
(1353117, 'Home Sweet Home: Rebirth', 'When a city is overrun with a demonically-possessed crowd, a cop must find the source of evil to save his family.', 'https://image.tmdb.org/t/p/original/9rCBCm9cyI4JfLEhx3EncyncMR3.jpg', 'https://image.tmdb.org/t/p/original/wmqpE7p2dUCEgCnovuovoNXaCXr.jpg', '2025-03-20', 0.0, 0, 'https://www.youtube.com/embed/null');

INSERT INTO movies (id, title, description, posterSource, backdropSource, releaseYear, voteAvg, voteCount, trailerSource) VALUES
(1125899, 'Cleaner', 'When a group of radical activists take over an energy company\'s annual gala, seizing 300 hostages, an ex-soldier turned window cleaner suspended 50 storeys up on the outside of the building must save those trapped inside, including her younger brother.', 'https://image.tmdb.org/t/p/original/mwzDApMZAGeYCEVjhegKvCzDX0W.jpg', 'https://image.tmdb.org/t/p/original/gsQJOfeW45KLiQeEIsom94QPQwb.jpg', '2025-02-19', 6.542, 215, 'https://www.youtube.com/embed/c8sf0c-cjzQ'),
(1241982, 'Moana 2', 'After receiving an unexpected call from her wayfinding ancestors, Moana journeys alongside Maui and a new crew to the far seas of Oceania and into dangerous, long-lost waters for an adventure unlike anything she\'s ever faced.', 'https://image.tmdb.org/t/p/original/aLVkiINlIeCkcZIzb7XHzPYgO6L.jpg', 'https://image.tmdb.org/t/p/original/zo8CIjJ2nfNOevqNajwMRO6Hwka.jpg', '2024-11-21', 7.087, 2223, 'https://www.youtube.com/embed/JdSl4RMNtGE'),
(762509, 'Mufasa: The Lion King', 'Mufasa, a cub lost and alone, meets a sympathetic lion named Taka, the heir to a royal bloodline. The chance meeting sets in motion an expansive journey of a group of misfits searching for their destiny.', 'https://image.tmdb.org/t/p/original/lurEK87kukWNaHd0zYnsi3yzJrs.jpg', 'https://image.tmdb.org/t/p/original/1w8kutrRucTd3wlYyu5QlUDMiG1.jpg', '2024-12-18', 7.425, 1977, 'https://www.youtube.com/embed/lMXh6vjiZrI'),
(1229730, 'Carjackers', 'By day, they\'re invisible—valets, hostesses, and bartenders at a luxury hotel. By night, they\'re the Carjackers, a crew of skilled drivers who track and rob wealthy clients on the road. As they plan their ultimate heist, the hotel director hires a ruthless hitman, to stop them at all costs. With danger closing in, can Nora, Zoe, Steve, and Prestance pull off their biggest score yet?', 'https://image.tmdb.org/t/p/original/wbkPMTz2vVai7Ujyp0ag7AM9SrO.jpg', 'https://image.tmdb.org/t/p/original/is9bmV6uYXu7LjZGJczxrjJDlv8.jpg', '2025-03-27', 6.246, 138, 'https://www.youtube.com/embed/slSwwaZ0KoM'),
(939243, 'Sonic the Hedgehog 3', 'Sonic, Knuckles, and Tails reunite against a powerful new adversary, Shadow, a mysterious villain with powers unlike anything they have faced before. With their abilities outmatched in every way, Team Sonic must seek out an unlikely alliance in hopes of stopping Shadow and protecting the planet.', 'https://image.tmdb.org/t/p/original/d8Ryb8AunYAuycVKDp5HpdWPKgC.jpg', 'https://image.tmdb.org/t/p/original/zOpe0eHsq0A2NvNyBbtT6sj53qV.jpg', '2024-12-19', 7.733, 2428, 'https://www.youtube.com/embed/LH1J1EbqCaI');


INSERT INTO movies (id, title, description, posterSource, backdropSource, releaseYear, voteAvg, voteCount, trailerSource) VALUES
(1373723, 'The Codes of War', 'War stories about family, ethics and honor include the true story of two U.S. Marines who in a span of six seconds, must stand their ground to stop a suicide truck bomb, a Navy Corpsman who attempts to hold on to his humanity, and a WW2 soldier who gets separated from his squad and is forced to re-evaluate his code.', 'https://image.tmdb.org/t/p/original/oXeiQAfRK90pxxhP5iKPXQqAIN1.jpg', 'https://image.tmdb.org/t/p/original/ibF5XVxTzf1ayzZrmiJqgeQ39Qk.jpg', '2025-03-20', 6.263, 57, NULL),
(1195430, 'Deva', 'Dev Ambre, a ruthless cop, loses his memory in an accident just after he has finished solving a murder case and now has to reinvestigate it while keeping his memory loss a secret from everyone except DCP Farhan Khan.', 'https://image.tmdb.org/t/p/original/qxtXzAlEPxmjHILU8k8wduvBSdo.jpg', 'https://image.tmdb.org/t/p/original/lqHt4icP1GTaNBeVTxTrwTZdoAW.jpg', '2025-01-31', 6.036, 42, 'https://www.youtube.com/embed/DBCy-fo9eSQ'),
(1252309, 'Ask Me What You Want', 'After his father\'s death, Eric Zimmerman travels to Spain to oversee his company\'s branches. In Madrid, he falls for Judith and engage in an intense, erotic relationship full of exploration. However, Eric fears his secret may end their affair.', 'https://image.tmdb.org/t/p/original/76qnVxU2rPdVvipBN3DPQH6fVYB.jpg', 'https://image.tmdb.org/t/p/original/qiVrapzgrDO7c6yQTSvn0dhwsn8.jpg', '2024-11-29', 5.934, 145, NULL),
(1403735, 'Laila', 'Sonu Model, a renowned beautician from the old city, is forced to disguise himself as Laila, leading to a series of comedic, romantic, and action-packed events. Chaos ensues in this hilarious laugh riot', 'https://image.tmdb.org/t/p/original/l4gsNxFPGpzbq0D6QK1a8vO1lBz.jpg', 'https://image.tmdb.org/t/p/original/vNUwK5P42m81uG57kKI1WxSZwIQ.jpg', '2025-02-14', 0, 0, 'https://www.youtube.com/embed/FyhFBHpTh6Y'),
(1101401, 'Sugar Baby', 'An enterprising Sugar Baby is offered $30,000 to move in with her Sugar Daddy for the week, but soon discovers the sinister secrets trapped within his home.', 'https://image.tmdb.org/t/p/original/z7NyxmdJ1ypn3Y6BVizjGODuBdO.jpg', 'https://image.tmdb.org/t/p/original/kYqEsUtilXXcb7FDfGIUaDq7j5F.jpg', '2024-10-15', 6.563, 8, 'https://www.youtube.com/embed/jsXAKSRq63s');

INSERT INTO movies (id, title, description, posterSource, backdropSource, releaseYear, voteAvg, voteCount, trailerSource) VALUES
(615, 'The Passion of the Christ', 'A graphic portrayal of the last twelve hours of Jesus of Nazareth\'s life.', 'https://image.tmdb.org/t/p/original/4i76mQwY9rkBdARgZF2Dgh4Dekm.jpg', 'https://image.tmdb.org/t/p/original/pulJ1iY7GVeppMRipiR7ZGDW7EW.jpg', '2004-02-25', 7.509, 4758, 'https://www.youtube.com/embed/4Aif1qEB_JU'),
(1126166, 'Flight Risk', 'A U.S. Marshal escorts a government witness to trial after he\'s accused of getting involved with a mob boss, only to discover that the pilot who is transporting them is also a hitman sent to assassinate the informant. After they subdue him, they\'re forced to fly together after discovering that there are others attempting to eliminate them.', 'https://image.tmdb.org/t/p/original/q0bCG4NX32iIEsRFZqRtuvzNCyZ.jpg', 'https://image.tmdb.org/t/p/original/hwlyY7LJdEFbCPaGNXiskKKmJ5X.jpg', '2025-01-22', 6.103, 639, 'https://www.youtube.com/embed/Cml3CFDBj2s'),
(1165067, 'Cosmic Chaos', 'Battles in virtual reality, survival in a post-apocalyptic wasteland, a Soviet spaceship giving a distress signal - Fantastic stories created with advanced special effects and passion.', 'https://image.tmdb.org/t/p/original/mClzWv7gBqgXfjZXp49Enyoex1v.jpg', 'https://image.tmdb.org/t/p/original/m2mzlsJjE3UAqeUB5fLUkpWg4Iq.jpg', '2023-08-03', 6.000, 46, NULL),
(1261050, 'The Quiet Ones', 'In 2008, a group of men from Denmark and across Europe pull off the biggest heist of all time on Danish soil. Kasper, a boxer with few chances left in life, is offered the opportunity to plan the robbery by its foreign initiators.', 'https://image.tmdb.org/t/p/original/7NLY1jNwtZX1yVzwVoBeAhaBE8i.jpg', 'https://image.tmdb.org/t/p/original/9OO6I25MHhCDd0XwNk4oZl0fpwB.jpg', '2024-10-31', 5.683, 41, 'https://www.youtube.com/embed/_LYIHKNLJTU'),
(1233413, 'Sinners', 'Trying to leave their troubled lives behind, twin brothers return to their hometown to start again, only to discover that an even greater evil is waiting to welcome them back.', 'https://image.tmdb.org/t/p/original/fWPgbnt2LSqkQ6cdQc0SZN9CpLm.jpg', 'https://image.tmdb.org/t/p/original/lwfbwY5QjUtM3slQoGZUPhuS0eD.jpg', '2025-04-16', 7.635, 78, 'https://www.youtube.com/embed/O98jSd24lmA');


INSERT INTO movies (id, title, description, posterSource, backdropSource, releaseYear, voteAvg, voteCount, trailerSource) VALUES
(1208808, 'Night Shift', 'A young nurse with a domestic abuse past starts working the night shift at a small hospital, where, during the night, the ghost of a nurse materializes.', 'https://image.tmdb.org/t/p/original/iSSx9Bys64vlOkvkyKXtp19P7Re.jpg', 'https://image.tmdb.org/t/p/original/o5vasl0xbZWWKQnAlaBTSgntHH2.jpg', '2024-10-31', 6.408, 109, 'https://www.youtube.com/embed/XNQjJ5fIOb8'),
(1195585, 'The Hard Hit', 'An Interpol agent hunting the head of a global crime syndicate tracks his target to Las Vegas, but when the criminal organization kills his wife and daughter, he goes above the law to get his revenge.', 'https://image.tmdb.org/t/p/original/whkFbOZTamHeugEG95jvQehSzAH.jpg', 'https://image.tmdb.org/t/p/original/fzv87rT0jlAkh5Uf9PpIlUj6Nj8.jpg', '2023-10-20', 7, 16, 'https://www.youtube.com/embed/56OSxe68mo8'),
(696506, 'Mickey 17', 'Unlikely hero Mickey Barnes finds himself in the extraordinary circumstance of working for an employer who demands the ultimate commitment to the job… to die, for a living.', 'https://image.tmdb.org/t/p/original/edKpE9B5qN3e559OuMCLZdW1iBZ.jpg', 'https://image.tmdb.org/t/p/original/hNA73rnG4PjSwgojaC2gbO1f8Rt.jpg', '2025-02-28', 6.907, 1578, 'https://www.youtube.com/embed/tA1s65o_kYM'),
(1087891, 'The Amateur', 'After his life is turned upside down when his wife is killed in a London terrorist attack, a brilliant but introverted CIA decoder takes matters into his own hands when his supervisors refuse to take action.', 'https://image.tmdb.org/t/p/original/SNEoUInCa5fAgwuEBMIMBGvkkh.jpg', 'https://image.tmdb.org/t/p/original/yMoEGh8kDEwqsoJumnQLwFJ9V6h.jpg', '2025-04-09', 6.7, 124, 'https://www.youtube.com/embed/DCWcK4c-F8Q'),
(1103432, 'Bloody Escape: Bats out of Hell', 'After being turned into a cyborg, Kisaragi faces pursuit from vampires and vengeful yakuza.', 'https://image.tmdb.org/t/p/original/lWKtVX5oEgcLbMYMaWiyes6c4IB.jpg', 'https://image.tmdb.org/t/p/original/rKTRky21Sk5jpfMBUeHYamqshkt.jpg', '2024-01-05', 5.5, 2, NULL),
(1282980, '825 Forest Road', 'After a family tragedy, Chuck Wilson hopes to start a new life in Ashland Falls with his wife Maria and little sister Elizabeth, but he quickly discovers that the town has a dark history of being haunted by a ghostly woman who drives residents to suicide.', 'https://image.tmdb.org/t/p/original/ohESp5Nw49OD4ExCeNYCEIGX2iq.jpg', 'https://image.tmdb.org/t/p/original/jiKwojRdwMYsDEMxQp5NFS3sOKb.jpg', '2025-04-04', 5.83, 44, 'https://www.youtube.com/embed/dUDd83PSBic'),
(950396, 'The Gorge', 'Two highly trained operatives grow close from a distance after being sent to guard opposite sides of a mysterious gorge. When an evil below emerges, they must work together to survive what lies within.', 'https://image.tmdb.org/t/p/original/7iMBZzVZtG0oBug4TfqDb9ZxAOa.jpg', 'https://image.tmdb.org/t/p/original/9nhjGaFLKtddDPtPaX5EmKqsWdH.jpg', '2025-02-13', 7.732, 2384, 'https://www.youtube.com/embed/rUSdnuOLebE'),
(1020414, 'Peter Pan''s Neverland Nightmare', 'Wendy Darling strikes out in an attempt to rescue her brother Michael from the clutches of the evil Peter Pan who intends to send him to Neverland. Along the way she meets a twisted Tinkerbell, who is hooked on what she thinks is fairy dust.', 'https://image.tmdb.org/t/p/original/mOR1Ks0EcXocwMV4EPv4letz0F5.jpg', 'https://image.tmdb.org/t/p/original/nhx0ttmAS2w8e6hyIcKoNvgHoix.jpg', '2025-01-13', 5, 55, 'https://www.youtube.com/embed/Kdid3LYAL2o'),
(1297763, 'Batman Ninja vs. Yakuza League', 'The Batman family has returned to the present to discover that Japan has disappeared, and a giant island - Hinomoto - is now in the sky over Gotham City.  At the top sit the Yakuza, a group of superpowered individuals who reign without honor or humanity and look suspiciously like the Justice League. Now, it’s up to Batman and his allies to save Gotham!', 'https://image.tmdb.org/t/p/original/sVVT6GYFErVv0Lcc9NvqCu0iOxO.jpg', 'https://image.tmdb.org/t/p/original/e807jDKiFcntZS32ze88X6I96OD.jpg', '2025-03-17', 6.603, 141, 'https://www.youtube.com/embed/QleeDtH_WWE'),
(1302916, 'Heart Eyes', 'When the "Heart Eyes Killer" strikes Seattle, a pair of co-workers pulling overtime on Valentine''s Day are mistaken for a couple by the elusive couple-hunting killer. Now, they must spend the most romantic night of the year running for their lives.', 'https://image.tmdb.org/t/p/original/ebqttF1Vjgde6uSFBEw9mta7Hd3.jpg', 'https://image.tmdb.org/t/p/original/vh5FIqfosYaLWxCmZfSPjgUWWfn.jpg', '2025-02-06', 6.318, 168, 'https://www.youtube.com/embed/1cRzZcMlJh8'),
(1029880, 'Nightwatch: Demons Are Forever', 'Martin''s daughter, Emma, takes up a night watch job to find out what happened to her parents almost thirty years ago. A meeting with Wörmer in his cell pulls the serial killer out of his coma and sets in motion a chain of fateful events.', 'https://image.tmdb.org/t/p/original/7Bj9qbmTiBdOmVlHeQqoEjsDxul.jpg', 'https://image.tmdb.org/t/p/original/opNdWurarqYxrzqpVRPyZrbWb3K.jpg', '2023-12-14', 5.922, 58, 'https://www.youtube.com/embed/R42IuN-akdI'),
(447273, 'Snow White', 'Following the benevolent King''s disappearance, the Evil Queen dominated the once fair land with a cruel streak. Princess Snow White flees the castle when the Queen, in her jealousy over Snow White''s inner beauty, tries to kill her. Deep into the dark woods, she stumbles upon seven magical dwarves and a young bandit named Jonathan. Together, they strive to survive the Queen''s relentless pursuit and aspire to take back the kingdom in the process.', 'https://image.tmdb.org/t/p/original/xWWg47tTfparvjK0WJNX4xL8lW2.jpg', 'https://image.tmdb.org/t/p/original/xb9wpY31SeVZbfkevYuolhfV63w.jpg', '2025-03-19', 4.497, 561, 'https://www.youtube.com/embed/KsSoo5K8CpA'),
(1212855, 'Fight or Flight', 'A mercenary takes on the job of tracking down a target on a plane but must protect her when they''re surrounded by people trying to kill both of them.', 'https://image.tmdb.org/t/p/original/x4nWnfgJvL045rcUCSJzfgIIY9i.jpg', 'https://image.tmdb.org/t/p/original/6J259Zuq09Bt2PLUNeTS5a3DwLZ.jpg', '2025-04-03', 5.477, 43, 'https://www.youtube.com/embed/SdsHRpjfqEI'),
(1226572, 'Superboys of Malegaon', 'The residents of Malegaon look to Bollywood cinema for a much-needed escape from daily drudgery. Amateur filmmaker Nasir Shaikh gets inspired to make a film for the people of Malegaon, by the people of Malegaon. He bands together his ragtag group of friends to bring his vision to life, thereby bringing a fresh lease of life into the town.', 'https://image.tmdb.org/t/p/original/l5PDjfWpC9uY5HdF5cbsJ4wjqoq.jpg', 'https://image.tmdb.org/t/p/original/olExC8areYxKPu3pmKWRsgPz0Et.jpg', '2025-02-28', 8, 6, 'https://www.youtube.com/embed/9O3ukqnnVNQ'),
(1356039, 'Counterattack', 'When a hostage rescue mission creates a new enemy, Capt. Guerrero and his elite soldiers must face an ambush by a criminal group.', 'https://image.tmdb.org/t/p/original/38I76hGcFY6xB47pjm7pZwkfuAF.jpg', 'https://image.tmdb.org/t/p/original/deUWVEgNh2IGjShyymZhaYP40ye.jpg', '2025-02-27', 8.373, 635, 'https://www.youtube.com/embed/pEO34SeTsY0'),
(1304594, 'Una pequeña confusión', 'Lola and Cuau, a progressive middle-class pair, and Iñigo and Majo, a young conservative, well-heeled duo, turn to artificial insemination as a last resort to have children. In a madcap twist based on actual events, a mix-up at the clinic results in each mom-to-be carrying the other one''s baby.', 'https://image.tmdb.org/t/p/original/ApXr9phfcvIX06tLGhxOH2kmndb.jpg', 'https://image.tmdb.org/t/p/original/8U1xsLUtWSN8WlH0xzwYGZxHMUi.jpg', '2024-12-25', 7.527, 55, NULL),
(1010581, 'My Fault', 'Noah must leave her city, boyfriend, and friends to move into William Leister''s mansion, the flashy and wealthy husband of her mother Rafaela. As a proud and independent 17 year old, Noah resists living in a mansion surrounded by luxury. However, it is there where she meets Nick, her new stepbrother, and the clash of their strong personalities becomes evident from the very beginning.', 'https://image.tmdb.org/t/p/original/w46Vw536HwNnEzOa7J24YH9DPRS.jpg', 'https://image.tmdb.org/t/p/original/oz4U9eA6ilYf1tyiVuGmkftdLac.jpg', '2023-06-08', 7.82, 3649, 'https://www.youtube.com/embed/xY-qRGC6Yu0'),
(912649, 'Venom: The Last Dance', 'Eddie and Venom are on the run. Hunted by both of their worlds and with the net closing in, the duo are forced into a devastating decision that will bring the curtains down on Venom and Eddie''s last dance.', 'https://image.tmdb.org/t/p/original/vGXptEdgZIhPg3cGlc7e8sNPC2e.jpg', 'https://image.tmdb.org/t/p/original/3V4kLQg0kSqPLctI5ziYWabAZYF.jpg', '2024-10-22', 6.782, 3194, 'https://www.youtube.com/embed/FKBN1qAzW3s'),
(1104845, 'Plankton: The Movie', 'Plankton''s tangled love story with his sentient computer wife goes sideways when she takes a stand — and decides to destroy the world without him.', 'https://image.tmdb.org/t/p/original/hGaUNLF5VZbg9ovPTyjm9Rv5xWz.jpg', 'https://image.tmdb.org/t/p/original/lsgT602GYV8ts97sKH1gWFtQs1k.jpg', '2025-03-08', 6.887, 84, 'https://www.youtube.com/embed/IHRScjhllsQ'),
(1064486, 'Memoir of a Snail', 'Forcibly separated from her twin brother when they are orphaned, a melancholic misfit learns how to find confidence within herself amid the clutter of misfortunes and everyday life.', 'https://image.tmdb.org/t/p/original/57AgZv1ITeBLShiNdchZ5153evs.jpg', 'https://image.tmdb.org/t/p/original/jl2YIADk391yc6Qjy9JhgCRkHJk.jpg', '2024-10-17', 7.954, 394, 'https://www.youtube.com/embed/q47QUYb0hjc'),
(519182, 'Despicable Me 4', 'Gru and Lucy and their girls—Margo, Edith and Agnes—welcome a new member to the Gru family, Gru Jr., who is intent on tormenting his dad. Gru also faces a new nemesis in Maxime Le Mal and his femme fatale girlfriend Valentina, forcing the family to go on the run.', 'https://image.tmdb.org/t/p/original/wWba3TaojhK7NdycRhoQpsG0FaH.jpg', 'https://image.tmdb.org/t/p/original/lgkPzcOSnTvjeMnuFzozRO5HHw1.jpg', '2024-06-20', 7.056, 2693, 'https://www.youtube.com/embed/LtNYaH61dXY'),
(1388366, 'Popeye the Slayer Man', 'A curious group of friends sneak into an abandoned spinach canning factory to film a documentary on the legend of the "Sailor Man," who is said to haunt the factory and local docks.', 'https://image.tmdb.org/t/p/original/nVwu3mN7hr1yF467pGct3yQFM41.jpg', 'https://image.tmdb.org/t/p/original/xkjWiRQtrenqGRWO2Enry2JIl4d.jpg', '2025-03-21', 6.006, 77, 'https://www.youtube.com/embed/cGRfu8WD8RQ'),
(1249385, 'Ghost Game', 'As part of an internet challenge to live undetected in a stranger’s home, a daring couple target an infamous haunted house and endure a series of chilling incidents as they witness a family descending into madness.', 'https://image.tmdb.org/t/p/original/kxxWBEn7qTN2xumSferCHbDudcT.jpg', 'https://image.tmdb.org/t/p/original/zvWnh0ABsJlco2tikliiATEKhLN.jpg', '2024-10-18', 3.84, 25, 'https://www.youtube.com/embed/7RMQ0wjppOo'),
(927342, 'Amaran', 'A heroic true story of Major Mukund Varadarajan, an Indian Army officer who displayed extraordinary bravery during a counterterrorism mission in Kashmir’s Shopian district. The film captures his courage in protecting his nation and the devotion of his wife Indhu Rebecaa Varghese.', 'https://image.tmdb.org/t/p/original/eCB06m1KUGilEOlIzb40nkQhVY0.jpg', 'https://image.tmdb.org/t/p/original/7cNE2qydew1c8fqnlhWjkE3DHc2.jpg', '2024-10-31', 7.369, 214, 'https://www.youtube.com/embed/9SSd9L0SxN0'),
(1405338, 'Demon City', 'Framed for his family''s murder and left for dead, an ex-hitman will stop at nothing to exact revenge on the masked "demons" who have taken over his city.', 'https://image.tmdb.org/t/p/original/g5PqsFFrayyRL1Ldgib2lMYuJXg.jpg', 'https://image.tmdb.org/t/p/original/hD2SN5bbqxk0kcRmsATJkXObgnZ.jpg', '2025-02-26', 6.838, 210, 'https://www.youtube.com/embed/q-djvN7i5us');

-- genres
INSERT INTO genres (id, name)
VALUES 
(28, 'Action'),
(80, 'Crime'),
(53, 'Thriller'),
(14, 'Fantasy'),
(12, 'Adventure'),
(10751, 'Family'),
(35, 'Comedy'),
(9648, 'Mystery'),
(37, 'Western'),
(878, 'Science Fiction'),
(27, 'Horror'),
(16, 'Animation'),
(10752, 'War'),
(10749, 'Romance'),
(18, 'Drama');


-- movie_genres
INSERT INTO movies_genres (movieId, genreId)
VALUES 
(1197306, 28),
(1197306, 80),
(1197306, 53),
(324544, 14),
(324544, 12),
(324544, 28),
(950387, 10751),
(950387, 35),
(950387, 12),
(950387, 14),
(1045938, 28),
(1045938, 9648),
(1045938, 18),
(1195506, 28),
(1195506, 35),
(1195506, 53);

INSERT INTO movies_genres (movieId, genreId)
VALUES 
(1293286, 37), (1293286, 28),
(822119, 28), (822119, 53), (822119, 878),
(1244944, 27), (1244944, 9648),
(1312833, 27), (1312833, 28), (1312833, 14),
(1353117, 27), (1353117, 14), (1353117, 53), (1353117, 9648), (1353117, 28);

INSERT INTO movies_genres (movieId, genreId)
VALUES 
(1125899, 28),
(1125899, 53),
(1241982, 16),
(1241982, 12),
(1241982, 10751),
(1241982, 35),
(762509, 12),
(762509, 10751),
(762509, 16),
(1229730, 28),
(1229730, 12),
(939243, 28),
(939243, 878),
(939243, 35),
(939243, 10751),
(939243, 12),
(939243, 14);

INSERT INTO movies_genres (movieId, genreId)
VALUES 
(1373723, 28),
(1373723, 10752),
(1195430, 28),
(1195430, 53),
(1195430, 9648),
(1195430, 80),
(1252309, 10749),
(1252309, 18),
(1403735, 35),
(1403735, 10749),
(1101401, 53),
(1101401, 35);

INSERT INTO movies_genres (movieId, genreId)
VALUES 
(615, 18), 
(1126166, 28), (1126166, 53),
(1165067, 53), (1165067, 878),
(1261050, 28), (1261050, 18),
(1233413, 18), (1233413, 27), (1233413, 53);

INSERT INTO movies_genres (movieId, genreId)
VALUES 
(1208808, 27),
(1195585, 28),
(1195585, 53),
(1195585, 80),
(696506, 878),
(696506, 35),
(696506, 12);

INSERT INTO movies_genres (movieId, genreId)
VALUES 
(1087891, 53), (1087891, 28),
(1103432, 16), (1103432, 28), (1103432, 878),
(1282980, 27), (1282980, 53),
(950396, 10749), (950396, 878), (950396, 53),
(1020414, 27), (1020414, 53), (1020414, 14);

INSERT INTO movies_genres (movieId, genreId) VALUES
(1297763, 16),
(1297763, 28),
(1302916, 27),
(1302916, 35),
(1302916, 10749),
(1029880, 27),
(1029880, 53),
(1029880, 9648),
(447273, 10751),
(447273, 14),
(1212855, 28),
(1212855, 35),
(1212855, 53);

INSERT INTO movies_genres (movieId, genreId) VALUES
(1226572, 35), (1226572, 18),
(1356039, 28), (1356039, 12), (1356039, 53),
(1304594, 35),
(1010581, 10749), (1010581, 18),
(912649, 28), (912649, 878), (912649, 12),
(1104845, 16), (1104845, 12), (1104845, 35), (1104845, 10751), (1104845, 14),
(1064486, 16), (1064486, 18), (1064486, 35),
(519182, 16), (519182, 10751), (519182, 35), (519182, 878),
(1388366, 27),
(1249385, 27), (1249385, 53),
(927342, 28),
(927342, 18),
(927342, 12),
(927342, 10752),
(1405338, 28),
(1405338, 80),
(1405338, 14),
(1405338, 53);

-- casts


INSERT INTO casts (id, name, profilePath)
VALUES 
(1, 'Jason Statham', 'https://image.tmdb.org/t/p/original/8FMhYekyLR4ibHQ9Kpuaqe4cVjL.jpg'),
(2, 'David Harbour', 'https://image.tmdb.org/t/p/original/chPekukMF5SNnW6b22NbYPqAStr.jpg'),
(3, 'Michael Peña', 'https://image.tmdb.org/t/p/original/ft9e3EX4JG9MwK9pXwgbJ8ZvFoV.jpg'),
(4, 'Jason Flemyng', 'https://image.tmdb.org/t/p/original/nYl0180ACnLzVlGbaAfuPtdGr9K.jpg'),
(5, 'Arianna Rivas', 'https://image.tmdb.org/t/p/original/a4dRvxh2csK8pnMVz5Xrh8MrE8X.jpg'),
(6, 'Noemi Gonzalez', 'https://image.tmdb.org/t/p/original/ljWB8Hkw6KMeyiT1gNrBcK4OsJZ.jpg'),
(7, 'Milla Jovovich', 'https://image.tmdb.org/t/p/original/usWnHCzbADijULREZYSJ0qfM00y.jpg'),
(8, 'Dave Bautista', 'https://image.tmdb.org/t/p/original/snk6JiXOOoRjPtHU5VMoy6qbd32.jpg'),
(9, 'Arly Jover', 'https://image.tmdb.org/t/p/original/zmznPrQ9GSZwcOIUT0c3GyETwrP.jpg'),
(10, 'Amara Okereke', 'https://image.tmdb.org/t/p/original/nTSPtzWu6deZTJtWXHUpACVznY4.jpg'),
(11, 'Fraser James', 'https://image.tmdb.org/t/p/original/mGAPQG2OKTgdKFkp9YpvCSqcbgY.jpg'),
(12, 'Deirdre Mullins', 'https://image.tmdb.org/t/p/original/lJm89neuiVlYISEqNpGZA5kTAnP.jpg'),
(13, 'Jason Momoa', 'https://image.tmdb.org/t/p/original/6dEFBpZH8C8OijsynkSajQT99Pb.jpg'),
(14, 'Jack Black', 'https://image.tmdb.org/t/p/original/9QKdFKfc3Zi5XwnQHrFukFMpo5o.jpg'),
(15, 'Sebastian Eugene Hansen', 'https://image.tmdb.org/t/p/original/40HNkoB3RKPMPgLhTyKQU6kG0sc.jpg'),
(16, 'Emma Myers', 'https://image.tmdb.org/t/p/original/xBJsFGAL3sOIxMUA0sMVEKKpAL4.jpg'),
(17, 'Danielle Brooks', 'https://image.tmdb.org/t/p/original/dEonf59ukDW8LaN7vwj8WMmXrXf.jpg'),
(18, 'Jennifer Coolidge', 'https://image.tmdb.org/t/p/original/hcpbV0dY4ZJxmZi1WcAWe8euqV2.jpg'),
(19, 'Viola Davis', 'https://image.tmdb.org/t/p/original/xDssw6vpYNRjsybvMPRE30e0dPN.jpg'),
(20, 'Anthony Anderson', 'https://image.tmdb.org/t/p/original/reO1OjwFdtXmiO4LMDaBj6eatzK.jpg'),
(21, 'Ramón Rodríguez', 'https://image.tmdb.org/t/p/original/1gobmVevxCWVhV7s6J2B0oWPDZj.jpg'),
(22, 'Marsai Martin', 'https://image.tmdb.org/t/p/original/hYErUiiesrm9jmiY1JTbwlxcN7l.jpg'),
(23, 'Antony Starr', 'https://image.tmdb.org/t/p/original/yZx1AkgS8SJjRYd20V0IEfRGtpl.jpg'),
(24, 'Douglas Hodge', 'https://image.tmdb.org/t/p/original/imdVXxy5QxegiXA0HncT7rRmNk5.jpg'),
(25, 'Jack Quaid', 'https://image.tmdb.org/t/p/original/320qW5yEbxpmyxQ3evmClJbtKag.jpg'),
(26, 'Amber Midthunder', 'https://image.tmdb.org/t/p/original/f8VWGyaIS38NkDIzQ2hapXKt0N5.jpg'),
(27, 'Ray Nicholson', 'https://image.tmdb.org/t/p/original/f0MRbGIyTEJLJgHedJS8pRFhGn4.jpg'),
(28, 'Jacob Batalon', 'https://image.tmdb.org/t/p/original/53YhaL4xw4Sb1ssoHkeSSBaO29c.jpg'),
(29, 'Betty Gabriel', 'https://image.tmdb.org/t/p/original/n67i3H3VM5quDQfcS591EbotPby.jpg'),
(30, 'Matt Walsh', 'https://image.tmdb.org/t/p/original/fp1JsNbZyhJ3PHpwZJVDYRz1RGF.jpg'),
(31, 'Stephen Dorff', 'https://image.tmdb.org/t/p/original/kuFyGa2HZB7hAQTUn3WKlgKAVjm.jpg'),
(32, 'Heather Graham', 'https://image.tmdb.org/t/p/original/avYdNkeg1oTvmrNJbFDcTlBCkKs.jpg'),
(33, 'Nicolas Cage', 'https://image.tmdb.org/t/p/original/ar33qcWbEgREn07ZpXv5Pbj8hbM.jpg'),
(34, 'Randall Batinkoff', 'https://image.tmdb.org/t/p/original/tq4njPdsUNXjnIAnPetT6B423BW.jpg'),
(35, 'Cooper Barnes', 'https://image.tmdb.org/t/p/original/b9Pqy8KU4TVnLhvkASxrNmljvkE.jpg'),
(36, 'Tzi Ma', 'https://image.tmdb.org/t/p/original/x4fz0LCIiBNGdil3nBYO22W7QJ0.jpg'),
(37, 'Anthony Mackie', 'https://image.tmdb.org/t/p/original/eZSIDrtTzhvabyjrmIITQLsjx8h.jpg'),
(38, 'Harrison Ford', 'https://image.tmdb.org/t/p/original/zVnHagUvXkR2StdOtquEwsiwSVt.jpg'),
(39, 'Danny Ramirez', 'https://image.tmdb.org/t/p/original/1CMMfxwMYOme8AOrl4kZS12nJpM.jpg'),
(40, 'Shira Haas', 'https://image.tmdb.org/t/p/original/5mfd9yKnbo2ZjU42vmqVMgvTJ8r.jpg'),
(41, 'Tim Blake Nelson', 'https://image.tmdb.org/t/p/original/rWuTGiAMaaHIJ30eRkQS23LbRSW.jpg'),
(42, 'Carl Lumbly', 'https://image.tmdb.org/t/p/original/ew1URcenWNl1Uclsz9ADiRb0uBD.jpg'),
(43, 'Danielle Deadwyler', 'https://image.tmdb.org/t/p/original/ifQcCBM5B4dIJdz4B0laO4yQuzU.jpg'),
(44, 'Okwui Okpokwasili', 'https://image.tmdb.org/t/p/original/jJIm1dBQ3yYztPrMCwnKSJl9F0U.jpg'),
(45, 'Peyton Jackson', 'https://image.tmdb.org/t/p/original/lS1aBK2F2uTmM7HqejSQsCnYWBo.jpg'),
(46, 'Estella Kahiha', 'https://image.tmdb.org/t/p/original/uQF4rAu6DZRXF4zHugsr1Z4v3Bj.jpg'),
(47, 'Russell Hornsby', 'https://image.tmdb.org/t/p/original/lA2XCK2GgwVoboX3NskkKp5rxOF.jpg'),
(48, 'Jeremy Ninaber', 'https://image.tmdb.org/t/p/original/p05ZkAtQkMCrCeZsPka47AODVeu.jpg'),
(49, 'Kristen Kaster', 'https://image.tmdb.org/t/p/original/jleM65y8VxYVHAxQS4K19nrONec.jpg'),
(50, 'Matthew Ninaber', 'https://image.tmdb.org/t/p/original/pdF252TBThy1L4elrkYsGP2YJdz.jpg'),
(51, 'Kristen MacCulloch', 'https://image.tmdb.org/t/p/original/1NVjmQzdHGXssb8MFNKDRmokxuG.jpg'),
(52, 'Sasha Ormond', NULL),
(53, 'Raechel Fisher', NULL),
(54, 'Daisy Ridley', 'https://image.tmdb.org/t/p/original/e77LbvRk5Qu3qtsBlpgr74GnPao.jpg'),
(55, 'Clive Owen', 'https://image.tmdb.org/t/p/original/xlWpuLgwxMnZEVgV9OID1TkUNtP.jpg'),
(56, 'Taz Skylar', 'https://image.tmdb.org/t/p/original/3EXMkfzB8EXn3ZJPJvK6OfPWLfz.jpg'),
(57, 'Flavia Watson', 'https://image.tmdb.org/t/p/original/94QKwYWawhMniYe645xfy90y0Kc.jpg'),
(58, 'Ray Fearon', 'https://image.tmdb.org/t/p/original/ou2cqhqdhfQoKVEBpIh0P3sKZti.jpg'),
(59, 'Rufus Jones', 'https://image.tmdb.org/t/p/original/sGgwNVXCvDOC4x9CtJqQAFida8N.jpg'),
(60, 'Auli Cravalho', 'https://image.tmdb.org/t/p/original/vEroqcnM2g6yY7qXDAie7hx2Cyp.jpg'),
(61, 'Dwayne Johnson', 'https://image.tmdb.org/t/p/original/5QApZVV8FUFlVxQpIK3Ew6cqotq.jpg'),
(62, 'Hualālai Chung', 'https://image.tmdb.org/t/p/original/x2g5fdHqETY9dZgL4aB0QDP0boR.jpg'),
(63, 'Rose Matafeo', 'https://image.tmdb.org/t/p/original/zQa39fMjbOTIsovbh1TBTJVlToz.jpg'),
(64, 'David Fane', 'https://image.tmdb.org/t/p/original/tcozyaTgAa8rRmzc5qeht0loni6.jpg'),
(65, 'Awhimai Fraser', 'https://image.tmdb.org/t/p/original/276OUDPl2iIsz772HQw3tiz2JN2.jpg'),
(66, 'Noah Gray-Cabey', 'https://image.tmdb.org/t/p/original/tzy5rPcP8wKdPV11IwowfwoqGq8.jpg'),
(67, 'Michael Grant', NULL),
(68, 'Shahid Kapoor', 'https://image.tmdb.org/t/p/original/q5jqLRioZgIVjXpKS8XHx27ScDQ.jpg'),
(69, 'Pooja Hegde', 'https://image.tmdb.org/t/p/original/t09lf8vem5MRk3KaALcdgehreXg.jpg'),
(70, 'Pavail Gulati', 'https://image.tmdb.org/t/p/original/xXvbAiEJoshH6SX8AycDpangjrX.jpg'),
(71, 'Pravessh Rana', 'https://image.tmdb.org/t/p/original/3Ob2Fz0643Yir4tSC2t0B7Sf46r.jpg'),
(72, 'Girish Kulkarni', 'https://image.tmdb.org/t/p/original/mMqLm0Y42cVDvTvGZzSgYW1aYA7.jpg'),
(73, 'Kubbra Sait', 'https://image.tmdb.org/t/p/original/r10S8LU2HB2zTQx9KHeo8isufs6.jpg'),
(74, 'Gabriela Andrada', 'https://image.tmdb.org/t/p/original/h8cAdDqbDK2ayGIuxQQdNCzyCsb.jpg'),
(75, 'Mario Ermito', 'https://image.tmdb.org/t/p/original/9HlLY9yECyYwCIaMxdaJQ5RH4FL.jpg'),
(76, 'Celia Freijeiro', 'https://image.tmdb.org/t/p/original/l32Ys5nQptZLJFRtlVJXKbK704U.jpg'),
(77, 'David Solans', 'https://image.tmdb.org/t/p/original/j0aKkDMqevgdXGZB8ciu9KMqE0K.jpg'),
(78, 'Alba Ribas', 'https://image.tmdb.org/t/p/original/zfASs4kqXPL7CmRWmqjJovwjfsu.jpg'),
(79, 'Joel Bosqued', 'https://image.tmdb.org/t/p/original/pTCPqrbf9dtHUf4be3TANv6hRSL.jpg'),
(80, 'Vishwak Sen', 'https://image.tmdb.org/t/p/original/ffWsFHwde7M3W2IiIfn01htpALX.jpg'),
(81, 'Akanksha Sharma', 'https://image.tmdb.org/t/p/original/aqPeJiZLSTDQnNmQPvchS1FlBVA.jpg'),
(82, 'Babloo Prithiveeraj', 'https://image.tmdb.org/t/p/original/lnRXcRebSmfJaSaRqTt91o1vkhE.jpg'),
(83, 'Abhimanyu Singh', 'https://image.tmdb.org/t/p/original/ucGZIeHvG9SsW9B94InteMyOlpD.jpg'),
(84, 'Vineet Kumar', 'https://image.tmdb.org/t/p/original/qAOIqG6kjysnSDlhkueQ7XaLc7t.jpg'),
(85, 'Kamakshi Bhaskarla', 'https://image.tmdb.org/t/p/original/rS6eRKX0ZldriYdZjx6zf8faoHH.jpg'),
(86, 'Mary Beth Barone', 'https://image.tmdb.org/t/p/original/gaensa1X7bJERN6vmvtShbUbRO4.jpg'),
(87, 'Nina Bloomgarden', 'https://image.tmdb.org/t/p/original/5SvMryn9IEL4bMbGpOYsu1wc1Pj.jpg'),
(88, 'James Tupper', 'https://image.tmdb.org/t/p/original/juB7BiVfi1M8H8YbL3XdUGcnFhf.jpg'),
(89, 'Theo Germaine', 'https://image.tmdb.org/t/p/original/sk49AruVnxKZEjj9oRxYMUglykI.jpg'),
(90, 'Paige Collins', NULL),
(91, 'Behzad Dabu', 'https://image.tmdb.org/t/p/original/dIoQhjesqYL2EaB7UIXc9dXk9p2.jpg'),
(92, 'Paulina Gaitán', 'https://image.tmdb.org/t/p/original/4wqQG5nVJNPh1QiL6lM9dElQL3J.jpg'),
(93, 'Tony Dalton', 'https://image.tmdb.org/t/p/original/vWteTJu9Dyrax7gQq8ndTjx5s6V.jpg'),
(94, 'Patricia Reyes Spíndola', 'https://image.tmdb.org/t/p/original/2f971sKYkQETqZyFN2ULEZ1SwP.jpg'),
(95, 'Enoc Leaño', 'https://image.tmdb.org/t/p/original/3TOJshxqNo7fsYyBbr2xXY1VNZj.jpg'),
(96, 'Fernanda Echevarría del Rivero', 'https://image.tmdb.org/t/p/original/ag5uwMvjrUtNHWEcwNeELI3mZlm.jpg'),
(97, 'Iazua Larios', 'https://image.tmdb.org/t/p/original/7xneMbsqSVqPq2NFMpkpAAZr6SG.jpg'),
(98, 'Jim Caviezel', 'https://image.tmdb.org/t/p/original/3dwavYsGYA6zzzipfdLIHbudIZW.jpg'),
(99, 'Maia Morgenstern', 'https://image.tmdb.org/t/p/original/zmqKMZcT5z0QKwTTmmb9O0rekbt.jpg'),
(100, 'Christo Jivkov', 'https://image.tmdb.org/t/p/original/iv8gzmS4gswtk5KZBwgITKtzpzm.jpg'),
(101, 'Francesco De Vito', 'https://image.tmdb.org/t/p/original/s8uOepBCIS6dpZ0OnLjnjXjE6z2.jpg'),
(102, 'Monica Bellucci', 'https://image.tmdb.org/t/p/original/euhMjVgdEGFm4AzjvB1b2oSMlLU.jpg'),
(103, 'Mattia Sbragia', 'https://image.tmdb.org/t/p/original/uQYa5QiHBMLZ0nAtnWEDMUwrTZa.jpg'),
(104, 'Mark Wahlberg', 'https://image.tmdb.org/t/p/original/bTEFpaWd7A6AZVWOqKKBWzKEUe8.jpg'),
(105, 'Michelle Dockery', 'https://image.tmdb.org/t/p/original/pgPJGf2wAPgoC6Bp5PbjYQV7IVt.jpg'),
(106, 'Topher Grace', 'https://image.tmdb.org/t/p/original/oJQxl4DG0KSCtOGrpWNhYz9gUZA.jpg'),
(107, 'Leah Remini', 'https://image.tmdb.org/t/p/original/19QpURecs6wDY9G46AmT7JnTchS.jpg'),
(108, 'Maaz Ali', 'https://image.tmdb.org/t/p/original/o9vhi2B5f0XfwYPNAG49nrhzDFW.jpg'),
(109, 'Paul Ben-Victor', 'https://image.tmdb.org/t/p/original/qhxGWVppbnwF4YuzQQtIym5z99E.jpg'),
(110, 'Curtis Bechdholt', NULL),
(111, 'Caroline Dhavernas', 'https://image.tmdb.org/t/p/original/p3yP2JVSqcZGXUeLnuiJMBXERjF.jpg'),
(112, 'Ken Godmere', 'https://image.tmdb.org/t/p/original/yftBMNilvcZZlk7pLO2sXjIfraK.jpg'),
(113, 'Jeananne Goossen', 'https://image.tmdb.org/t/p/original/akdvZgJskCELeQLvrzNm2EphueO.jpg'),
(114, 'Samantha Neale', NULL),
(115, 'Gustav Dyekjær Giese', 'https://image.tmdb.org/t/p/original/vYZteb9JuoxlXFMlhSTro3dNNne.jpg'),
(116, 'Reda Kateb', 'https://image.tmdb.org/t/p/original/mvDuT7covYkAjK2Ix2VHJcvPyE0.jpg'),
(117, 'Amanda Collin', 'https://image.tmdb.org/t/p/original/bFm5zt8vxD09Ez6irsJItmPigjq.jpg'),
(118, 'Christopher Wagelin', 'https://image.tmdb.org/t/p/original/pqo0mTnRcRvL0zDKaK2SCIxbdPZ.jpg'),
(119, 'Jens Hultén', 'https://image.tmdb.org/t/p/original/iw8oSLUaKl0zjjwRHXkpeGmtAfk.jpg'),
(120, 'Granit Rushiti', 'https://image.tmdb.org/t/p/original/2aqqVqdPO6coyTtPcVsWdQ6JPQ5.jpg'),
(121, 'Michael B. Jordan', 'https://image.tmdb.org/t/p/original/hz9AOUWZ2zzS0dpPJ1yQv2grA35.jpg'),
(122, 'Miles Caton', 'https://image.tmdb.org/t/p/original/5uG9uoRn6THwZpEN4EHawdIf9uX.jpg'),
(123, 'Hailee Steinfeld', 'https://image.tmdb.org/t/p/original/dxSDWkiVaC6JYjrV3XRAZI7HOSS.jpg'),
(124, 'Wunmi Mosaku', 'https://image.tmdb.org/t/p/original/mWDsVCo9sBcekrsjUTsoCFLhtYt.jpg'),
(125, 'Jack O''Connell', 'https://image.tmdb.org/t/p/original/tCzR4clrIkbkijuJBYsNoEuwRDa.jpg'),
(126, 'Delroy Lindo', 'https://image.tmdb.org/t/p/original/kLwUBBmEIdchrLqwsYzgLB2B6q5.jpg'),
(127, 'Rami Malek', 'https://image.tmdb.org/t/p/original/zvBCjFmedqXRqa45jlLf6vBd9Nt.jpg'),
(128, 'Holt McCallany', 'https://image.tmdb.org/t/p/original/nttzDvj4rpcCvtxbsEwLRN6nQFq.jpg'),
(129, 'Danny Sapani', 'https://image.tmdb.org/t/p/original/h6goTpKA74Z6ePB2BAEEyQnGtCF.jpg'),
(130, 'Rachel Brosnahan', 'https://image.tmdb.org/t/p/original/1f9NK43gWrXN2uMmYMlennB7jCC.jpg'),
(131, 'Michael Stuhlbarg', 'https://image.tmdb.org/t/p/original/aYB3SQm3h6ZyAdlbGyiNfakjx56.jpg'),
(132, 'Laurence Fishburne', 'https://image.tmdb.org/t/p/original/2GbXERENPpl5MmlqOLlPVaVtifD.jpg'),
(133, 'Jun Fukuyama', 'https://image.tmdb.org/t/p/original/eT9eloyIaIkTvTqMmpcsAleP2hM.jpg'),
(134, 'Show Hayami', 'https://image.tmdb.org/t/p/original/HU9LZJdb4H8coHiSaHiUprcFm1.jpg'),
(135, 'Rina Hidaka', 'https://image.tmdb.org/t/p/original/7JupZGvqcq4dRxiTKpPxzg8NUS4.jpg'),
(136, 'Masayo Kurata', 'https://image.tmdb.org/t/p/original/kWzkJFNve1hQabKFOUBQ6IvM7jP.jpg'),
(137, 'Brian Ronan Mulroy', 'https://image.tmdb.org/t/p/original/yHiZBB5TzYX9S37NEdLnth2fiLi.jpg'),
(138, 'Jamie Ohlsen', 'https://image.tmdb.org/t/p/original/o8VKfApJYqrTcRDbVnnfejPbNS1.jpg'),
(139, 'Malachi Durant', 'https://image.tmdb.org/t/p/original/9AierWdoxd6tsntPh78n3H45hDs.jpg'),
(140, 'Rob LaColla Jr.', 'https://image.tmdb.org/t/p/original/8NfrL6fCO3FEsXAWvNlThJlpPFq.jpg'),
(141, 'Trae Ireland', 'https://image.tmdb.org/t/p/original/uAVtzBoQdPpZWxM9PAcMwXg1NYe.jpg'),
(142, 'Jerry G. Angelo', 'https://image.tmdb.org/t/p/original/yKcv3GMcemYxbHimOHtVdrDk4YL.jpg'),
(143, 'Robert Pattinson', 'https://image.tmdb.org/t/p/original/8A4PS5iG7GWEAVFftyqMZKl3qcr.jpg'),
(144, 'Naomi Ackie', 'https://image.tmdb.org/t/p/original/1MhRVn6xlShHhftRdK24HuH6J5Z.jpg'),
(145, 'Steven Yeun', 'https://image.tmdb.org/t/p/original/5XU0L0drBa7JlGrLg2w3LhAgjG0.jpg'),
(146, 'Mark Ruffalo', 'https://image.tmdb.org/t/p/original/5GilHMOt5PAQh6rlUKZzGmaKEI7.jpg'),
(147, 'Toni Collette', 'https://image.tmdb.org/t/p/original/lzXRh16qe4HHeBN6tMyw0DHvaMn.jpg'),
(148, 'Anamaria Vartolomei', 'https://image.tmdb.org/t/p/original/3k1z18yXJICNg41zjXQj4UV5ufC.jpg'),
(149, 'Brian Anthony Wilson', 'https://image.tmdb.org/t/p/original/hclegxaGvuBIT3N6q6OrFFter6p.jpg'),
(150, 'Mike Sutton', 'https://image.tmdb.org/t/p/original/4UEZyOSgWvFb5HCUsnY8CpcJP1M.jpg'),
(151, 'Lorenzo Beronilla', 'https://image.tmdb.org/t/p/original/lzD4LwcpYbSBbQ1x9d9AAGJDVxh.jpg'),
(152, 'Elizabeth Vermilyea', 'https://image.tmdb.org/t/p/original/ljoBN7wG2YrxcsFTQUYNMTkLc0J.jpg'),
(153, 'Joe Bandelli', 'https://image.tmdb.org/t/p/original/gg5i7GLiUBaokJ3zuEez9J9cxcm.jpg'),
(154, 'Ray Acevedo', 'https://image.tmdb.org/t/p/original/xHkZyd9D7fB3Y86fe1XaBmVPu5f.jpg'),
(155, 'Miles Teller', 'https://image.tmdb.org/t/p/original/cg3LW0xX6RKr8dmescxq1bepcb5.jpg'),
(156, 'Anya Taylor-Joy', 'https://image.tmdb.org/t/p/original/qYNofOjlRke2MlJVihmJmEdQI4v.jpg'),
(157, 'Sigourney Weaver', 'https://image.tmdb.org/t/p/original/wTSnfktNBLd6kwQxgvkqYw6vEon.jpg'),
(158, 'Sope Dirisu', 'https://image.tmdb.org/t/p/original/24Se9voPxrO200Ae8GQRbMkE55B.jpg'),
(159, 'William Houston', 'https://image.tmdb.org/t/p/original/4J4TG1dbyJcSs78hP9fU2x8jrJs.jpg'),
(160, 'Kobna Holdbrook-Smith', 'https://image.tmdb.org/t/p/original/6KNQjNWVnxKZEjj9oRxYMUglykI.jpg'),
(161, 'Martin Portlock', 'https://image.tmdb.org/t/p/original/20sm5kpJkJQ0z7Sms0r8yxgudos.jpg'),
(162, 'Megan Placito', 'https://image.tmdb.org/t/p/original/ynDhmYaZHWtYz8lokgMav2JBd2J.jpg'),
(163, 'Kit Green', 'https://image.tmdb.org/t/p/original/iyR9PeiPsghR23uY2QHtvF71B8v.jpg'),
(164, 'Peter DeSouza-Feighoney', 'https://image.tmdb.org/t/p/original/reYy9iCjdmOEdKpTkhxD4quNNMP.jpg'),
(165, 'Charity Kase', 'https://image.tmdb.org/t/p/original/bPwgWKOVKuf1eRhRx80obu7Ju8Y.jpg'),
(166, 'Teresa Banham', 'https://image.tmdb.org/t/p/original/gkJtxKPWfTkkSKL8KCo9T8ilQih.jpg'),
(167, 'Koichi Yamadera', 'https://image.tmdb.org/t/p/original/biov5jENp2XYfehkcdnRvi796Wi.jpg'),
(168, 'Yuki Kaji', 'https://image.tmdb.org/t/p/original/8wKdPV11IwowfwoqGqMMNt9hmp6.jpg'),
(169, 'Kengo Kawanishi', 'https://image.tmdb.org/t/p/original/u59FdPSHlA7JCWNnX1m10neLfT.jpg'),
(170, 'Daisuke Ono', 'https://image.tmdb.org/t/p/original/5rjl28lx84JjRS0hzq3Ajvx2dhp.jpg'),
(171, 'Akira Ishida', 'https://image.tmdb.org/t/p/original/kfUSe8g2XwIWMpWt3oU9cjV04FW.jpg'),
(172, 'Ayane Sakura', 'https://image.tmdb.org/t/p/original/yPbTmntASE9psPIMhNGU5oo6vIH.jpg'),
(173, 'Olivia Holt', 'https://image.tmdb.org/t/p/original/c8mrNfxir0IfmiWLSUIKFO9QaeI.jpg'),
(174, 'Mason Gooding', 'https://image.tmdb.org/t/p/original/bmlry1xqBzNgv8Chm783ss93Cvg.jpg'),
(175, 'Gigi Zumbado', 'https://image.tmdb.org/t/p/original/ytuLWDoI558qsKNiA54qt0aACvh.jpg'),
(176, 'Michaela Watkins', 'https://image.tmdb.org/t/p/original/qw8RqZ2fehR0ZlHWwyH9WFjc3Qh.jpg'),
(177, 'Devon Sawa', 'https://image.tmdb.org/t/p/original/yvMbpZ0UFQ1IBwlWm8quCA6fNc5.jpg'),
(178, 'Jordana Brewster', 'https://image.tmdb.org/t/p/original/ceL0zxeVbWfCfhoIDZIE1NYqBWb.jpg'),
(179, 'Fanny Leander Bornedal', 'https://image.tmdb.org/t/p/original/jR8BnGjOEwOggSXddSE7JtOXDvp.jpg'),
(180, 'Nikolaj Coster-Waldau', 'https://image.tmdb.org/t/p/original/rpFOERbHkj7GWxkinUNiQ76sSGk.jpg'),
(181, 'Kim Bodnia', 'https://image.tmdb.org/t/p/original/koWU6vb82cuCDLeYE1erqnQ39cW.jpg'),
(182, 'Ulf Pilgaard', 'https://image.tmdb.org/t/p/original/108pcSiyuB6A6qO6ZmOWM3GxxQT.jpg'),
(183, 'Sonja Richter', 'https://image.tmdb.org/t/p/original/wxVFkwfMBJ3YkQQWWB5fQjx4zfu.jpg'),
(184, 'Casper Kjær Jensen', 'https://image.tmdb.org/t/p/original/9ORGOcblEV1B1DVfnsY3oDjyOBa.jpg'),
(185, 'Rachel Zegler', 'https://image.tmdb.org/t/p/original/2zk0hYmVtDNVENhHbsVs2FPzP3o.jpg'),
(186, 'Gal Gadot', 'https://image.tmdb.org/t/p/original/qCJB1ACi5VjtY4ypXuv3hjAvbSu.jpg'),
(187, 'Andrew Burnap', 'https://image.tmdb.org/t/p/original/SEFcP5hIIsmOE8G3SZxa2v8pyO.jpg'),
(188, 'Jeremy Swift', 'https://image.tmdb.org/t/p/original/muRh4WbyEE4S2763bv777ywpKP3.jpg'),
(189, 'Jason Kravits', 'https://image.tmdb.org/t/p/original/kTaZGtOP3SR6kosdRLyeQayfjcF.jpg'),
(190, 'Martin Klebba', 'https://image.tmdb.org/t/p/original/schnhMaXtfv5EC7EJODTgMcfzPe.jpg'),
(191, 'Josh Hartnett', 'https://image.tmdb.org/t/p/original/8nTEioiir92fGHcASarPxkjF6kG.jpg'),
(192, 'Katee Sackhoff', 'https://image.tmdb.org/t/p/original/kzcwfDDrgXnVgyTfcpG0obOn7Qk.jpg'),
(193, 'Marko Zaror', 'https://image.tmdb.org/t/p/original/rQ8XFdLmnfXs5x8FsttdOUrFLWa.jpg'),
(194, 'Julian Kostov', 'https://image.tmdb.org/t/p/original/ra0wJCPaxx1YeyhcAmz3yqH6J5Z.jpg'),
(195, 'Charithra Chandran', 'https://image.tmdb.org/t/p/original/xLFgJmfXjd2Nnbjx3ZtavReGwjK.jpg'),
(196, 'JuJu Chan', 'https://image.tmdb.org/t/p/original/5JqRo0pJs1dWLS8vGfNPVJmF67u.jpg'),
(197, 'Adarsh Gourav', 'https://image.tmdb.org/t/p/original/kuJ2ukWmuHnCSTOOvUMqiES5G2C.jpg'),
(198, 'Shashank Arora', 'https://image.tmdb.org/t/p/original/q5S5TlJabJz13E8CK6nZzkv6kOu.jpg'),
(199, 'Vineet Kumar Singh', 'https://image.tmdb.org/t/p/original/8mDoHcQQ82f7FYK8B22VK9DLkLA.jpg'),
(200, 'Anuj Singh Duhan', 'https://image.tmdb.org/t/p/original/w2VeDJTUsAKT5AO7fOEPyF8f7LV.jpg'),
(201, 'Saqib Ayub', NULL),
(202, 'Pallav Singgh', NULL),
(203, 'Luis Alberti', 'https://image.tmdb.org/t/p/original/1uf6WXebWuL0oEMM2z8ulcnRro.jpg'),
(204, 'Noé Hernández', 'https://image.tmdb.org/t/p/original/l3NXUy1x5buKHawSw4xye5JW8pl.jpg'),
(205, 'Leonardo Alonso', 'https://image.tmdb.org/t/p/original/3SJUI4IeqjZfG7yNh76CbkQfzfg.jpg'),
(206, 'Luis Curiel', 'https://image.tmdb.org/t/p/original/5FMxoburwNL2EaB7UIXc9dXk9p2.jpg'),
(207, 'Guillermo Nava', 'https://image.tmdb.org/t/p/original/yKMqnDsv4rfKYOg1t4EHkIDPywQ.jpg'),
(208, 'David Calderón León', 'https://image.tmdb.org/t/p/original/mwAilgEQ8LZjsLau2X7nmL3PmvB.jpg'),
(209, 'Ana de la Reguera', 'https://image.tmdb.org/t/p/original/nEacV1wuUHV6eUyErGBhniJ85JY.jpg'),
(210, 'Juanpa Zurita', 'https://image.tmdb.org/t/p/original/kVWholhVRM5CwVO1WZ8DRIr8CQV.jpg'),
(211, 'Vico Escorcia', 'https://image.tmdb.org/t/p/original/tdzmSPh2MmS0nT9AbgQTlkKHvpN.jpg'),
(212, 'Cristo Fernández', 'https://image.tmdb.org/t/p/original/irx5BVVLSQWY9m5NrhqyxPekwIY.jpg'),
(213, 'Diana Bovio', 'https://image.tmdb.org/t/p/original/9vgHBWcyAJ2hpnMJLX3iiRSIg2k.jpg'),
(214, 'María E. Sandoval', NULL),
(215, 'Nicole Wallace', 'https://image.tmdb.org/t/p/original/xlvq6OYCN6yQef4fpJQtwVyQxqr.jpg'),
(216, 'Gabriel Guevara', 'https://image.tmdb.org/t/p/original/pviRYKEEmoPUfLYwP1VHJ6LQcRg.jpg'),
(217, 'Marta Hazas', 'https://image.tmdb.org/t/p/original/1dbeTFRCbWBt70dIGjYHKVLnpaG.jpg'),
(218, 'Iván Sánchez', 'https://image.tmdb.org/t/p/original/woVz8D7t1VUKjFJnsTAdc8tyz5C.jpg'),
(219, 'Eva Ruiz', 'https://image.tmdb.org/t/p/original/bcu0nmQvhxwTzh4csc4kuxJsQee.jpg'),
(220, 'Víctor Varona', 'https://image.tmdb.org/t/p/original/lcwFAjHjhJXkxf59TXGSjGGOlLj.jpg'),
(221, 'Tom Hardy', 'https://image.tmdb.org/t/p/original/d81K0RH8UX7tZj49tZaQhZ9ewH.jpg'),
(222, 'Chiwetel Ejiofor', 'https://image.tmdb.org/t/p/original/kq5DDnqqofoRI0t6ddtRlsJnNPT.jpg'),
(223, 'Juno Temple', 'https://image.tmdb.org/t/p/original/ntBw3a3ZmIw9ObmsmvPgk1UKMd8.jpg'),
(224, 'Rhys Ifans', 'https://image.tmdb.org/t/p/original/1D670EEsbky3EtO7XLG32A09p92.jpg'),
(225, 'Stephen Graham', 'https://image.tmdb.org/t/p/original/1m9RWRRkQzJEAphJm9kQhMk1r1Q.jpg'),
(226, 'Peggy Lu', 'https://image.tmdb.org/t/p/original/ng5eaDcOf9kSwIYGNmwF9wEfIHp.jpg'),
(227, 'Mr. Lawrence', 'https://image.tmdb.org/t/p/original/gWFgxlREzbaPPdWsQZSCdjrFozy.jpg'),
(228, 'Jill Talley', 'https://image.tmdb.org/t/p/original/x0r43qyI9KNEyb5RsF0MckqxgfM.jpg'),
(229, 'Tom Kenny', 'https://image.tmdb.org/t/p/original/dKOxpGnRkIMaPkZSHKIns99WxQa.jpg'),
(230, 'Bill Fagerbakke', 'https://image.tmdb.org/t/p/original/zntKKc1uT53BnIihmzbq601eWKZ.jpg'),
(231, 'Rodger Bumpass', 'https://image.tmdb.org/t/p/original/lGQkw6adxqB6Hcm7VK8nVHbKupe.jpg'),
(232, 'Carolyn Lawrence', 'https://image.tmdb.org/t/p/original/7Ehx4bEO8loovbmbntXl0sBNjtj.jpg'),
(233, 'Sarah Snook', 'https://image.tmdb.org/t/p/original/tklkrYSxifGOOZBmsxSv2D1XvIR.jpg'),
(234, 'Kodi Smit-McPhee', 'https://image.tmdb.org/t/p/original/sesCWba9NwPDYDZzbVLs7OgLOti.jpg'),
(235, 'Jacki Weaver', 'https://image.tmdb.org/t/p/original/Apt5KSRAJENVw3IrTidzyrGv9PE.jpg'),
(236, 'Magda Szubanski', 'https://image.tmdb.org/t/p/original/fNb650TNqOBG6dSP9bLhoxxI9wA.jpg'),
(237, 'Dominique Pinon', 'https://image.tmdb.org/t/p/original/rIPUhNwGSglgKLgMQWz0JNCqIzf.jpg'),
(238, 'Tony Armstrong', 'https://image.tmdb.org/t/p/original/2uEEg0q9RsbgQucvEqwIhH9Aw2v.jpg'),
(239, 'Steve Carell', 'https://image.tmdb.org/t/p/original/dA6n0qpnlMFBlTr8SBULsZbWkvn.jpg'),
(240, 'Kristen Wiig', 'https://image.tmdb.org/t/p/original/N517EQh7j4mNl3BStMmjMN6hId.jpg'),
(241, 'Will Ferrell', 'https://image.tmdb.org/t/p/original/vL1QjMdMtuM2f8fQZzei6WAvicZ.jpg'),
(242, 'Sofía Vergara', 'https://image.tmdb.org/t/p/original/l79eVtn6bSOaiq7R0UGu60foMrK.jpg'),
(243, 'Miranda Cosgrove', 'https://image.tmdb.org/t/p/original/qIGeoyXEVu1LxTH34TWx1YSHyQr.jpg'),
(244, 'Dana Gaier', 'https://image.tmdb.org/t/p/original/hw3Ou8cj22MLXl8QKrL8vcidcCB.jpg'),
(245, 'Sarah Nicklin', 'https://image.tmdb.org/t/p/original/p8xTRBrL5Z1WOqogSledn3kUnkY.jpg'),
(246, 'Scott Swope', 'https://image.tmdb.org/t/p/original/p8layN9F0PUtSinpUc7ZMwAccFs.jpg'),
(247, 'Angela Relucio', 'https://image.tmdb.org/t/p/original/xcSe2K9NPrUQ6EIIQZET5ci9Wjo.jpg'),
(248, 'Steven McCormack', 'https://image.tmdb.org/t/p/original/1SiwS8DHHLsvRqFOIGRpeQkWY1S.jpg'),
(249, 'Mabel Thomas', 'https://image.tmdb.org/t/p/original/xa9eIcl4dnKf3w3PHRvsb1Z4v3f.jpg'),
(250, 'Rich Lounello', 'https://image.tmdb.org/t/p/original/d9DtY0YQfCw2ezJkBfoJK5Zl2Gx.jpg'),
(251, 'Kia Dorsey', 'https://image.tmdb.org/t/p/original/6zcmut5CbCansJvoyvGZFDn8mL6.jpg'),
(252, 'Zaen Haidar', NULL),
(253, 'Aiden Hughes', NULL),
(254, 'Vienna Maas', NULL),
(255, 'Emily Bennett', 'https://image.tmdb.org/t/p/original/yIByRjhsfKqeUHQYFeM94oK8Iw.jpg'),
(256, 'Michael C. Williams', 'https://image.tmdb.org/t/p/original/j9vjZt0gMqzOz977f3rDhFuRpM.jpg'),
(257, 'Sivakarthikeyan', 'https://image.tmdb.org/t/p/original/9CWvjeawj9rYRFasyrNjVsqhR48.jpg'),
(258, 'Sai Pallavi', 'https://image.tmdb.org/t/p/original/vn28J0CYDNrsXSiA7XiCTNTV1m.jpg'),
(259, 'Rahul Bose', 'https://image.tmdb.org/t/p/original/6T0xhsganOB8SI48HCGd99XKj9l.jpg'),
(260, 'Bhuvan Arora', 'https://image.tmdb.org/t/p/original/AtEfX9ta8LZTWh7yZ4dVc2wpIRO.jpg'),
(261, 'Lallu Prasath', 'https://image.tmdb.org/t/p/original/f6TVtddrbG1Qk1brFASrpPehpQh.jpg'),
(262, 'Shyam Mohan', 'https://image.tmdb.org/t/p/original/wqUndf8mfVUxKtus68hrh7dlBhX.jpg'),
(263, 'Toma Ikuta', 'https://image.tmdb.org/t/p/original/3tDQDEbG1XdPtp8N9oxw53rWw3o.jpg'),
(264, 'Masahiro Higashide', 'https://image.tmdb.org/t/p/original/6YOBIQ22Y7ZCkuk50QRotvUAl7v.jpg'),
(265, 'Miou Tanaka', 'https://image.tmdb.org/t/p/original/4dXKZqcF1K6n6yVAGVVRlsc1RU0.jpg'),
(266, 'Ami Touma', 'https://image.tmdb.org/t/p/original/tqVci45pFJ4B7abPvb86UZLAyzs.jpg'),
(267, 'Taro Suruga', 'https://image.tmdb.org/t/p/original/elr8ojjYno5LFTTE2lBUldiuHxg.jpg'),
(268, 'Mai Kiryu', 'https://image.tmdb.org/t/p/original/8JkypaobgCsNLWyhyVz7kLtAeds.jpg'),
(269,'Michele Morrone', 'https://image.tmdb.org/t/p/original/saKjzGAuw8Fiutlv9LweLjAti0Z.jpg'),
(270,'William Moseley', 'https://image.tmdb.org/t/p/original/6HTpmCaGhtLEY6OUhRaXYgldb0x.jpg'),
(271,'Urassaya Sperbund', 'https://image.tmdb.org/t/p/original/ui6VKMPZpAPzc6f7dl9YdQVi7Tj.jpg'),
(272,'Alexander', 'https://image.tmdb.org/t/p/original/wxZa2C33IUjhksT3gy5DCrIKbNy.jpg'),
(273,'Ting Sue', 'https://image.tmdb.org/t/p/original/8Jl1rbbzZwIhbSZyV64LWZ6rCuO.jpg'),
(274,'Aaron Pierre', 'https://image.tmdb.org/t/p/original/z2cMMZyWzv5ztT6pFdAAjB3u7CQ.jpg'),
(275,'Kelvin Harrison, Jr.', 'https://image.tmdb.org/t/p/original/6kpDyaZzmSbqCNYuXZUfeMwS1bq.jpg'),
(276,'Tiffany Boone', 'https://image.tmdb.org/t/p/original/9LwqRFdSzxVtnutDUg98YLq0bSz.jpg'),
(277,'Kagiso Lediga', 'https://image.tmdb.org/t/p/original/nfqx3CqFVsAMelk6ry560SuN7Y0.jpg'),
(278,'Preston Nyman', 'https://image.tmdb.org/t/p/original/eidKvLDCRw68tG3CN6fGhvHUnW.jpg'),
(279,'Blue Ivy Carter', 'https://image.tmdb.org/t/p/original/mnaFedkdW9TFCkky7fiiT5dfXye.jpg'),
(280,'Zoé Marchal', 'https://image.tmdb.org/t/p/original/rcgOgq5LrbCRgTpDkEBiTUbuGjK.jpg'),
(281,'Franck Gastambide', 'https://image.tmdb.org/t/p/original/jEf57uD2UG36m0aFkWXm3EMQq8l.jpg'),
(282,'Bosh', 'https://image.tmdb.org/t/p/original/tskAMCt1rJzPG9jsqP87Grc0fe0.jpg'),
(283,'Mareva Ranarivelo', 'https://image.tmdb.org/t/p/original/fxkVCZH7fVn9fcQObTHqaQM8pG0.jpg'),
(284,'Alassane Diong', 'https://image.tmdb.org/t/p/original/5PGsOQr2oDhL1uB5Coqt5I9wr0i.jpg'),
(285,'Mylène Jampanoï', 'https://image.tmdb.org/t/p/original/mTEI86ajYXgOLimGrOKxtHFV1Ek.jpg'),
(286,'Jim Carrey', 'https://image.tmdb.org/t/p/original/u0AqTz6Y7GHPCHINS01P7gPvDSb.jpg'),
(287,'Ben Schwartz', 'https://image.tmdb.org/t/p/original/lJVYjPj0P6uvVxNrTy4xO2645D0.jpg'),
(288,'Keanu Reeves', 'https://image.tmdb.org/t/p/original/8RZLOyYGsoRe9p44q3xin9QkMHv.jpg'),
(289,'Idris Elba', 'https://image.tmdb.org/t/p/original/be1bVF7qGX91a6c5WeRPs5pKXln.jpg'),
(290,'Colleen O''Shaughnessey', 'https://image.tmdb.org/t/p/original/y3Kl5tCX1XD6uyL9wefTRbEXTwj.jpg'),
(291,'Mark Wahlberg', 'https://image.tmdb.org/t/p/original/bTEFpaWd7A6AZVWOqKKBWzKEUe8.jpg'),
(292,'Michelle Dockery', 'https://image.tmdb.org/t/p/original/pgPJGf2wAPgoC6Bp5PBJYQV7IVt.jpg'),
(293,'Topher Grace', 'https://image.tmdb.org/t/p/original/oJQxl4DG0KSCtOGrpWNhYz9gUZA.jpg'),
(294,'Leah Remini', 'https://image.tmdb.org/t/p/original/19QpURecs6wDY9G46AmT7JnTchS.jpg'),
(295,'Maaz Ali', 'https://image.tmdb.org/t/p/original/o9vhi2B5f0XfwYPNAG49nrhzDFW.jpg'),
(296,'Paul Ben-Victor', 'https://image.tmdb.org/t/p/original/qhxGWVppbnwF4YuzQQtIym5z99E.jpg'),
(297,'Curtis Bechdholt', NULL),
(298,'Caroline Dhavernas', 'https://image.tmdb.org/t/p/original/p3yP2JVSqcZGXUeLnuiJMBXERjF.jpg'),
(299,'Ken Godmere', 'https://image.tmdb.org/t/p/original/yftBMNilvcZZlk7pLO2sXjIfraK.jpg'),
(300,'Jeananne Goossen', 'https://image.tmdb.org/t/p/original/akdvZgJskCELeQLvrzNm2EphueO.jpg'),
(301,'Samantha Neale', NULL),
(302,'Gustav Dyekjær Giese', 'https://image.tmdb.org/t/p/original/vYZteb9JuoxlXFMlhSTro3dNNne.jpg'),
(303,'Reda Kateb', 'https://image.tmdb.org/t/p/original/mvDuT7covYkAjK2Ix2VHJcvPyE0.jpg'),
(304,'Amanda Collin', 'https://image.tmdb.org/t/p/original/bFm5zt8vxD09Ez6irsJItmPigjq.jpg'),
(305,'Christopher Wagelin', 'https://image.tmdb.org/t/p/original/pqo0mTnRcRvL0zDKaK2SCIxbdPZ.jpg'),
(306,'Jens Hultén', 'https://image.tmdb.org/t/p/original/iw8oSLUaKl0zjjwRHXkpeGmtAfk.jpg'),
(307,'Granit Rushiti', 'https://image.tmdb.org/t/p/original/2aqqVqdPO6coyTtPcVsWdQ6JPQ5.jpg'),
(308,'Michael B. Jordan', 'https://image.tmdb.org/t/p/original/hz9AOUWZ2zzS0dpPJ1yQv2grA35.jpg'),
(309,'Miles Caton', 'https://image.tmdb.org/t/p/original/5uG9uoRn6THwZpEN4EHawdIf9uX.jpg'),
(310,'Hailee Steinfeld', 'https://image.tmdb.org/t/p/original/dxSDWkiVaC6JYjrV3XRAZI7HOSS.jpg'),
(311,'Wunmi Mosaku', 'https://image.tmdb.org/t/p/original/mWDsVCo9sBcekrsjUTsoCFLhtYt.jpg'),
(312,'Jack O''Connell', 'https://image.tmdb.org/t/p/original/tCzR4clrIkbkijuJBYsNoEuwRDa.jpg'),
(313,'Delroy Lindo', 'https://image.tmdb.org/t/p/original/kLwUBBmEIdchrLqwsYzgLB2B6q5.jpg');

-- movies_cast
INSERT INTO movies_casts (movieId, castId)
VALUES 
(1197306, 1),
(1197306, 2),
(1197306, 3),
(1197306, 4),
(1197306, 5),
(1197306, 6),
(324544, 7),
(324544, 8),
(324544, 9),
(324544, 10),
(324544, 11),
(324544, 12),
(950387, 13),
(950387, 14),
(950387, 15),
(950387, 16),
(950387, 17),
(950387, 18),
(1045938, 19),
(1045938, 20),
(1045938, 21),
(1045938, 22),
(1045938, 23),
(1045938, 24),
(1195506, 25),
(1195506, 26),
(1195506, 27),
(1195506, 28),
(1195506, 29),
(1195506, 30),
(1293286, 31),
(1293286, 32),
(1293286, 33),
(1293286, 34),
(1293286, 35),
(1293286, 36),
(822119, 37),
(822119, 38),
(822119, 39),
(822119, 40),
(822119, 41),
(822119, 42),
(1244944, 43),
(1244944, 44),
(1244944, 45),
(1244944, 46),
(1244944, 47),
(1312833, 48),
(1312833, 49),
(1312833, 50),
(1312833, 51),
(1312833, 52),
(1312833, 53),
(1353117, 269),
(1353117, 270),
(1353117, 271),
(1353117, 272),
(1353117, 273),
(1125899, 54),
(1125899, 55),
(1125899, 56),
(1125899, 57),
(1125899, 58),
(1125899, 59),
(1241982, 60),
(1241982, 61),
(1241982, 62),
(1241982, 63),
(1241982, 64),
(1241982, 65),
(762509, 274),
(762509, 275),
(762509, 276),
(762509, 277),
(762509, 278),
(762509, 279),
(1229730, 280),
(1229730, 281),
(1229730, 282),
(1229730, 283),
(1229730, 284),
(1229730, 285),
(939243, 286),
(939243, 287),
(939243, 288),
(939243, 289),
(939243, 290),
(1373723, 66),
(1373723, 67),
(1195430, 68),
(1195430, 69),
(1195430, 70),
(1195430, 71),
(1195430, 72),
(1195430, 73),
(1252309, 74),
(1252309, 75),
(1252309, 76),
(1252309, 77),
(1252309, 78),
(1252309, 79),
(1403735, 80),
(1403735, 81),
(1403735, 82),
(1403735, 83),
(1403735, 84),
(1403735, 85),
(1101401, 86),
(1101401, 87),
(1101401, 88),
(1101401, 89),
(1101401, 90),
(1101401, 91),
(615, 98),
(615, 99),
(615, 100),
(615, 101),
(615, 102),
(1126166, 291),
(1126166, 292),
(1126166, 293),
(1126166, 294),
(1126166, 295),
(1126166, 296),
(1165067, 297),
(1165067, 298),
(1165067, 299),
(1165067, 300),
(1165067, 301),
(1261050, 302),
(1261050, 303),
(1261050, 304),
(1261050, 305),
(1261050, 306),
(1261050, 307),
(1233413, 308),
(1233413, 309),
(1233413, 310),
(1233413, 311),
(1233413, 312),
(1233413, 313),
(1208808, 92),
(1208808, 93),
(1208808, 94),
(1208808, 95),
(1208808, 96),
(1208808, 97),
(1195585, 137),
(1195585, 138),
(1195585, 139),
(1195585, 140),
(1195585, 141),
(1195585, 142),
(696506, 143),
(696506, 144),
(696506, 145),
(696506, 146),
(696506, 147),
(696506, 148),
(1087891, 127),
(1087891, 128),
(1087891, 129),
(1087891, 130),
(1087891, 131),
(1087891, 132),
(1103432, 133),
(1103432, 134),
(1103432, 135),
(1103432, 136),
(1282980, 149),
(1282980, 150),
(1282980, 151),
(1282980, 152),
(1282980, 153),
(1282980, 154),
(950396, 155),
(950396, 156),
(950396, 157),
(950396, 158),
(950396, 159),
(950396, 160),
(1020414, 161),
(1020414, 162),
(1020414, 163),
(1020414, 164),
(1020414, 165),
(1020414, 166),
(1297763, 167),
(1297763, 168),
(1297763, 169),
(1297763, 170),
(1297763, 171),
(1297763, 172),
(1302916, 173),
(1302916, 174),
(1302916, 175),
(1302916, 176),
(1302916, 177),
(1302916, 178),
(1029880, 179),
(1029880, 180),
(1029880, 181),
(1029880, 182),
(1029880, 183),
(1029880, 184),
(447273, 185),
(447273, 186),
(447273, 187),
(447273, 188),
(447273, 189),
(447273, 190),
(1212855, 191),
(1212855, 192),
(1212855, 193),
(1212855, 194),
(1212855, 195),
(1212855, 196),
(1226572, 197),
(1226572, 198),
(1226572, 199),
(1226572, 200),
(1226572, 201),
(1226572, 202),
(1356039, 203),
(1356039, 204),
(1356039, 205),
(1356039, 206),
(1356039, 207),
(1356039, 208),
(1304594, 209),
(1304594, 210),
(1304594, 211),
(1304594, 212),
(1304594, 213),
(1304594, 214),
(1010581, 215),
(1010581, 216),
(1010581, 217),
(1010581, 218),
(1010581, 219),
(1010581, 220),
(912649, 221),
(912649, 222),
(912649, 223),
(912649, 224),
(912649, 225),
(912649, 226),
(1104845, 227),
(1104845, 228),
(1104845, 229),
(1104845, 230),
(1104845, 231),
(1104845, 232),
(1064486, 233),
(1064486, 234),
(1064486, 235),
(1064486, 236),
(1064486, 237),
(1064486, 238),
(519182, 239),
(519182, 240),
(519182, 241),
(519182, 242),
(519182, 243),
(519182, 244),
(1388366, 245),
(1388366, 246),
(1388366, 247),
(1388366, 248),
(1388366, 249),
(1388366, 250),
(1249385, 251),
(1249385, 252),
(1249385, 253),
(1249385, 254),
(1249385, 255),
(1249385, 256),
(927342, 257),
(927342, 258),
(927342, 259),
(927342, 260),
(927342, 261),
(927342, 262),
(1405338, 263),
(1405338, 264),
(1405338, 265),
(1405338, 266),
(1405338, 267),
(1405338, 268);


-- Registered User
INSERT INTO registeredUsers (id, email, password, fullName, dateOfBirth, role) VALUES
('1',  'alice@example.com', '$2a$12$dTV5LyODqGEAtr4Yo1zMSu2/WByKDgzgLpWWWi/elvt.iog4t7wDS', 'Alice Wonderland', NOW(), 'REGISTERED_USER'),
('2', 'bob@example.com', '$2a$12$dTV5LyODqGEAtr4Yo1zMSu2/WByKDgzgLpWWWi/elvt.iog4t7wDS', 'Bob Dave Tint', NOW(), 'REGISTERED_USER'),
('3', 'carol@example.com', '$2a$12$dTV5LyODqGEAtr4Yo1zMSu2/WByKDgzgLpWWWi/elvt.iog4t7wDS', 'Caroline', NOW(), 'REGISTERED_USER'),
('4', 'dave@example.com', '$2a$12$dTV5LyODqGEAtr4Yo1zMSu2/WByKDgzgLpWWWi/elvt.iog4t7wDS', 'Dave Kit', NOW(), 'REGISTERED_USER'),
('5', 'eve@example.com', '$2a$12$dTV5LyODqGEAtr4Yo1zMSu2/WByKDgzgLpWWWi/elvt.iog4t7wDS', 'Eve Me', NOW(), 'REGISTERED_USER');


-- Follow Interactions
INSERT INTO follow_interactions (id, userId) VALUES
('uuid-1', '1'), -- FollowInteraction cho Alice
('uuid-2', '2'), -- FollowInteraction cho Bob
('uuid-3', '3'), -- FollowInteraction cho Carol
('uuid-4', '4'), -- FollowInteraction cho Dave
('uuid-5', '5'); -- FollowInteraction cho Eve

INSERT INTO followers_interactions_users (followInteractionId, userId) VALUES
('uuid-1', '2'), -- Bob theo dõi Alice
('uuid-1', '4'), -- Dave theo dõi Alice
('uuid-2', '1'), -- Alice theo dõi Bob
('uuid-3', '1'), -- Alice theo dõi Carol
('uuid-4', '3'), -- Carol theo dõi Dave
('uuid-5', '2'); -- Bob theo dõi Eve



-- Blog
INSERT INTO blogs (id, content, dateCreated, ownerId) VALUES
('1', 'Please release new version of Avenger', NOW(), '1'),
('2', 'Wibu never die', NOW(), '2'),
('3', 'Looking forward for Spider 100...', NOW(), '3'),
('4', 'Doraemon now is so boring', NOW(), '4'),
('5', 'Ai Viet Nam diem danh', NOW(), '5');


-- Tag
INSERT INTO tags (id, name) VALUES
('1', 'Avenger'),
('2', 'Anime'),
('3', 'Spiderman'),
('4', 'Doraemon'),
('5', 'Fun');


-- Blogs Tags
INSERT INTO blogs_tags (blogId, tagId) VALUES
('1', '1'),
('2', '2'),
('3', '3'),
('4', '4'),
('5', '5');


-- Like Interaction
INSERT INTO like_interactions (id, blogId) VALUES
('1', '1'),
('2', '2'),
('3', '3'),
('4', '4'),
('5', '5');


-- Like Interaction User
INSERT INTO like_interactions_users (likeInteractionId, userId) VALUES
('1', '1'),
('1', '2'),
('1', '3'),
('2', '1'),
('2', '4'),
('3', '1'),
('4', '3'),
('5', '5');


-- Comment
INSERT INTO comments (id, content, date, type, userId, parentCommentId, movieId, blogId) VALUES
('1', 'I have the same thought', NOW(), 'BLOG', '1', NULL, NULL, '1'),
('2', 'Lmao, cant believe that', NOW(), 'BLOG', '2', NULL, NULL, '1'),
('3', 'For real man', NOW(), 'BLOG', '3', NULL, NULL, '2'),
('4', 'Nonsense!', NOW(), 'BLOG', '4', NULL, NULL, '2'),
('5', 'Haha I think so', NOW(), 'BLOG', '5', '1', NULL, '1'),
('6', 'Yeah...', NOW(), 'BLOG', '1', NULL, NULL, '3');


-- Notification
INSERT INTO notifications (id, time, `status`, type, ownerId, reportId, userId, followerId, commentId) VALUES
('1', NOW(), 'UNREAD', 'FOLLOW', '1', NULL, NULL, '2', NULL),
('2', NOW(), 'UNREAD', 'FOLLOW', '1', NULL, NULL, '3', NULL),
('3', NOW(), 'UNREAD', 'FOLLOW', '2', NULL, NULL, '1', NULL),
('4', NOW(), 'UNREAD', 'FOLLOW', '2', NULL, NULL, '5', NULL),
('5', NOW(), 'UNREAD', 'FOLLOW', '3', NULL, NULL, '1', NULL),
('6', NOW(), 'UNREAD', 'FOLLOW', '3', NULL, NULL, '2', NULL),
('7', NOW(), 'UNREAD', 'FOLLOW', '3', NULL, NULL, '5', NULL),
('8', NOW(), 'UNREAD', 'FOLLOW', '4', NULL, NULL, '1', NULL),
('9', NOW(), 'UNREAD', 'FOLLOW', '4', NULL, NULL, '3', NULL),
('10', NOW(), 'UNREAD', 'FOLLOW', '5', NULL, NULL, '1', NULL),
('11', NOW(), 'UNREAD', 'FOLLOW', '5', NULL, NULL, '4', NULL),
('12', NOW(), 'UNREAD', 'LIKE', '1', NULL, '1', NULL, NULL),
('13', NOW(), 'UNREAD', 'LIKE', '1', NULL, '2', NULL, NULL),
('14', NOW(), 'UNREAD', 'LIKE', '1', NULL, '3', NULL, NULL),
('15', NOW(), 'UNREAD', 'LIKE', '2', NULL, '1', NULL, NULL),
('16', NOW(), 'UNREAD', 'LIKE', '2', NULL, '4', NULL, NULL),
('17', NOW(), 'UNREAD', 'LIKE', '3', NULL, '1', NULL, NULL),
('18', NOW(), 'UNREAD', 'LIKE', '4', NULL, '3', NULL, NULL),
('19', NOW(), 'UNREAD', 'LIKE', '5', NULL, '5', NULL, NULL),
('20', NOW(), 'UNREAD', 'COMMENT', '1', NULL, NULL, NULL, '1'),
('21', NOW(), 'UNREAD', 'COMMENT', '1', NULL, NULL, NULL, '2'),
('22', NOW(), 'UNREAD', 'COMMENT', '2', NULL, NULL, NULL, '3'),
('23', NOW(), 'UNREAD', 'COMMENT', '2', NULL, NULL, NULL, '4'),
('24', NOW(), 'UNREAD', 'COMMENT', '1', NULL, NULL, NULL, '5'),
('25', NOW(), 'UNREAD', 'COMMENT', '3', NULL, NULL, NULL, '6');


-- Watchlist
INSERT INTO watchlists (id, title, description, isPublic, ownerId) VALUES
('1', 'My watchlist', 'Nothing to say, just best to watch', 1, '1'),
('2', 'YOU SHOULD WATCH THIS', 'Like the title', 1, '2'),
('3', 'Blacklist', 'Save movies I neva watch again', 1, '3'),
('4', 'Watch nonstop', 'Cant stop watching them', 1, '4'),
('5', 'Favorite', 'My favorite movies <3', 1, '5');


-- Watchlist movie
INSERT INTO watchlists_movies (watchlistId, movieId) VALUES
('1', '1010581'),
('1', '1020414'),
('1', '1029880'),
('1', '1045938'),
('1', '1064486'),
('2', '1087891'),
('2', '1101401'),
('2', '1103432'),
('2', '1104845'),
('2', '1125899'),
('2', '1126166'),
('3', '1165067'),
('3', '1195430'),
('3', '1195506'),
('3', '1195585'),
('3', '1233413'),
('4', '1229730'),
('4', '1226572'),
('4', '1212855'),
('4', '1208808'),
('5', '1241982'),
('5', '1197306'),
('5', '1244944'),
('5', '1249385');
